target,volume_cc,local_coverage_pct,reference_local_Paddick_CI,reference_local_inverse_CI,reference_local_GI,reference_local_V12_cc,reference_D98_Gy,predicted_local_Paddick_CI,predicted_local_inverse_CI,predicted_local_GI,predicted_local_V12_cc,predicted_D98_Gy
T01,0.194,100.0,0.8801235121270979,1.1362041647804437,4.555555555555555,0.361,17.971967697143555,0.9556650246305419,1.0463917525773194,5.369458128078818,0.437,18.58831214904785
T02,0.202,100.0,0.8498703947647984,1.17665,4.742489270386266,0.439,18.057077407836914,0.9619047619047619,1.0396039603960396,5.447619047619048,0.462,18.575807571411133
T03,0.166,100.0,0.7712018806935057,1.296677335771986,4.673170731707317,0.393,18.08876609802246,0.9485714285714286,1.0542168674698795,5.56,0.402,18.417774200439453
T04,0.142,100.0,0.8642410015649452,1.1570846536894523,4.8765432098765435,0.303,18.3536376953125,0.9859650862924023,1.014234696443841,5.838028169014085,0.322,18.198122024536133
T05,0.158,100.0,0.8272251308900523,1.2088607594936709,5.492146596858639,0.427,18.596454620361328,0.9693251533742331,1.0316455696202531,5.674846625766871,0.362,18.332550048828125
T06,0.255,100.0,0.8490064482168707,1.1778473556947113,4.577181208053691,0.55,18.23886489868164,0.9617459244234092,1.0397756565482978,5.068965517241379,0.52,18.298328399658203
T07,0.192,100.0,0.753988921957672,1.3262794331295742,4.285714285714286,0.446,18.752012252807617,0.94921875,1.0534979423868314,5.428571428571429,0.439,18.376033782958984
T08,0.232,100.0,0.6946107784431138,1.439655172413793,4.119760479041916,0.603,18.672033309936523,0.9317269076305221,1.0732758620689655,5.116465863453815,0.513,18.507280349731445
T09,0.263,100.0,0.6997420972690853,1.4290979546646465,4.013404825737266,0.652,18.605819702148438,0.9422519937955554,1.0612872210244158,5.003610108303249,0.539,18.270959854125977
T10,0.214,100.0,0.8356532113740306,1.1966686496133254,4.578723404255319,0.434,17.844263076782227,0.9683257918552036,1.0327102803738317,5.393665158371041,0.47900000000000004,18.37110137939453
T11,0.257,100.0,0.7747994427631263,1.2906565813131625,4.166666666666667,0.553,18.525991439819336,0.948339483394834,1.0544747081712063,5.044280442804428,0.538,18.575422286987305
